{"input": {"colors": [0, 128, 196, 255], "D": 2, "img_properties": "pattern_diff_"}, "expected": [
[
[  0, 128], 
[196, 255]
], 

[
[  0, 128], 
[255, 196]
], 

[
[0, 196], 
[128, 255]
]

, 
[
[  0, 196], 
[255, 128]
]

, [[0, 255], [128, 196]], [[0, 255], [196, 128]], [[196, 0], [128, 255]], [[196, 0], [255, 128]], [[196, 128], [0, 255]], [[196, 128], [255, 0]], [[196, 255], [0, 128]], [[196, 255], [128, 0]], [[128, 0], [196, 255]], [[128, 0], [255, 196]], [[128, 196], [0, 255]], [[128, 196], [255, 0]], [[128, 255], [0, 196]], [[128, 255], [196, 0]], [[255, 0], [128, 196]], [[255, 0], [196, 128]], [[255, 196], [0, 128]], [[255, 196], [128, 0]], [[255, 128], [0, 196]], [[255, 128], [196, 0]]]}